1738576120474|GET|/
1738576120490|GET|/css/style.css
1738576477846|GET|/
1738576477872|GET|/css/style.css
1738576551309|GET|/
1738576551311|Noen spurte etter root1738674931649|GET|/
1738674931681|GET|/styles.css
1738674931683|GET|/cards.js
1738674932994|POST|/temp/deck
1738674934349|PATCH|/temp/deck/shuffle/gas81z3n
1738674936067|GET|/temp/deck/gas81z3n/card
1738674936081|GET|/imgs/cards/diamonds_4.png
1738674938484|GET|/styles.css
1739112942443|GET|/
1739112942513|GET|/styles.css
1739112942514|GET|/cards.js
1739112945653|POST|/temp/deck
1739112946589|PATCH|/temp/deck/shuffle/rh00n4tg
1739112948666|GET|/temp/deck/rh00n4tg/card
1739112948679|GET|/imgs/cards/diamonds_5.png
1739112951363|PATCH|/temp/deck/shuffle/rh00n4tg
1739112953304|GET|/temp/deck/rh00n4tg/card
1739112953311|GET|/imgs/cards/diamonds_7.png
1739112954477|GET|/temp/deck/rh00n4tg/card
1739112954484|GET|/imgs/cards/spades_3.png
1739112955165|GET|/temp/deck/rh00n4tg/card
1739112955171|GET|/imgs/cards/diamonds_3.png
1739112955844|GET|/temp/deck/rh00n4tg/card
1739112955850|GET|/imgs/cards/hearts_5.png
1739112956417|GET|/temp/deck/rh00n4tg/card
1739112956424|GET|/imgs/cards/spades_10.png
1739112956602|GET|/temp/deck/rh00n4tg/card
1739112956608|GET|/imgs/cards/diamonds_K.png
1739112956772|GET|/temp/deck/rh00n4tg/card
1739112956778|GET|/imgs/cards/diamonds_6.png
1739112956973|GET|/temp/deck/rh00n4tg/card
1739112956978|GET|/imgs/cards/clubs_8.png
1739112957197|GET|/temp/deck/rh00n4tg/card
1739112957203|GET|/imgs/cards/clubs_6.png
1739112957399|GET|/temp/deck/rh00n4tg/card
1739112957405|GET|/imgs/cards/clubs_7.png
1739112957654|GET|/temp/deck/rh00n4tg/card
1739112957659|GET|/imgs/cards/hearts_10.png
1739112958016|GET|/temp/deck/rh00n4tg/card
1739112958022|GET|/imgs/cards/clubs_9.png
1739112958278|GET|/temp/deck/rh00n4tg/card
1739112958284|GET|/imgs/cards/diamonds_Q.png
1739112958610|GET|/temp/deck/rh00n4tg/card
1739112958616|GET|/imgs/cards/hearts_J.png
1739112959020|GET|/temp/deck/rh00n4tg/card
1739112959025|GET|/imgs/cards/diamonds_A.png
1739113139825|GET|/session
1739113146949|GET|/session
1739113147774|GET|/session
1739113190294|GET|/session
1739113328753|GET|/session
1739113330131|GET|/session
1739113330714|GET|/session
1739113331164|GET|/session
1739113399567|GET|/session
1739113401339|GET|/session
1739113401872|GET|/session
1739113405369|GET|/session
1739113478231|GET|/session
1739113480014|GET|/session
1739113499148|GET|/session
1739113567959|GET|/session
1739113569272|GET|/session
1739113570062|GET|/session
1739113570742|GET|/session
1739113571336|GET|/session
1739113599044|GET|/session
1739125909780|GET|/
1739125909808|GET|/styles.css
1739125909815|GET|/cards.js
1739125909870|GET|/favicon.ico
1739125911366|POST|/temp/deck
1739125912029|PATCH|/temp/deck/shuffle/z3ilbuo3
1739125913459|GET|/temp/deck/z3ilbuo3/card
1739125913466|GET|/imgs/cards/clubs_5.png
1739125918998|GET|/session
1739125919984|GET|/session
1739125920412|GET|/session
1739125920786|GET|/session
1739125938320|GET|/session
1739125939796|GET|/session
1739125940345|GET|/session
1739125940627|GET|/session
1739125940810|GET|/session
1739127057491|GET|/
1739127057545|GET|/styles.css
1739127057546|GET|/cards.js
1739127059160|POST|/temp/deck
1739127060185|PATCH|/temp/deck/shuffle/hycvd0om
1739127062395|GET|/temp/deck/hycvd0om/card
1739127062414|GET|/imgs/cards/spades_3.png
1739127070505|GET|/session
1739127071861|GET|/session
1739127072302|GET|/session
1739127072728|GET|/session
1739127073294|GET|/session
1739127073844|GET|/session
1739127093007|GET|/
1739127093032|GET|/styles.css
1739127093035|GET|/cards.js
1739127096563|GET|/session
1739127098170|GET|/session
1739127098496|GET|/session
1739188594777|GET|/
1739188594864|GET|/cards.js
1739188594865|GET|/styles.css
1739188594950|GET|/favicon.ico
1739188599421|GET|/styles.css
1739188665866|GET|/
1739188665913|GET|/styles.css
1739188665922|GET|/cards.js
1739188897394|GET|/
1739188897421|GET|/css/styles.css
1739188897438|GET|/js/cards.js
1739188898875|POST|/temp/deck
1739188899527|PATCH|/temp/deck/shuffle/jugaaoct
1739188901948|GET|/temp/deck/jugaaoct/card
1739188904307|GET|/css/styles.css
1739188911968|POST|/temp/deck
1739188913811|PATCH|/temp/deck/shuffle/36dv23dj
1739188916073|GET|/temp/deck/36dv23dj/card
1739189157579|POST|/temp/deck
1739189158780|GET|/
1739189158816|GET|/css/styles.css
1739189158817|GET|/js/cards.js
1739189161219|POST|/temp/deck
1739189162099|PATCH|/temp/deck/shuffle/ls16doyh
1739189164947|GET|/temp/deck/ls16doyh/card
1739189206567|GET|/
1739189206622|GET|/css/styles.css
1739189206631|GET|/js/cards.js
1739189207612|POST|/temp/deck
1739189209887|GET|/
1739189209914|GET|/css/styles.css
1739189209921|GET|/js/cards.js
1739189237978|POST|/temp/deck
1739189245333|POST|/temp/deck
1739189284328|POST|/temp/deck
1739189285557|GET|/
1739189285588|GET|/css/styles.css
1739189285589|GET|/js/cards.js
1739189434066|GET|/
1739189434143|GET|/css/styles.css
1739189434153|GET|/js/cards.js
1739189435089|POST|/deck
1739189538831|GET|/
1739189538897|GET|/css/styles.css
1739189538903|GET|/js/cards.js
1739189540142|POST|/deck
1739189809861|GET|/
1739189809901|GET|/css/styles.css
1739189809914|GET|/js/cards.js
1739189810981|POST|/deck
1739189993460|GET|/
1739189993499|GET|/js/cards.js
1739189993500|GET|/css/styles.css
1739189995659|POST|/deck
1739190052998|GET|/session
1739190054445|GET|/session
1739190058400|GET|/tmp/quote
1739190069365|GET|/tmp/poem
1739190073548|GET|/tmp/sum/2/9
1739190075124|GET|/tmp/sum/2/9
1739190075669|GET|/tmp/sum/2/9
1739190077862|GET|/tmp/sum/2/9
1739190086167|GET|/tmp/sum/2/9
1739190088024|GET|/tmp/sum/2/9
1739190092068|POST|/tmp/sum/2/9
1739190107212|GET|/
1739190107243|GET|/css/styles.css
1739190107248|GET|/js/cards.js
1739190110360|POST|/deck
1739190268027|GET|/
1739190268086|GET|/css/styles.css
1739190268087|GET|/js/cards.js
1739190269081|POST|/deck
1739190315223|GET|/
1739190315258|GET|/css/styles.css
1739190315261|GET|/js/cards.js
1739190316435|POST|/temp/deck
1739190604890|GET|/
1739190604916|GET|/css/styles.css
1739190604921|GET|/js/cards.js
1739190606142|POST|/temp/deck
1739191139178|GET|/
1739191139217|GET|/css/styles.css
1739191139219|GET|/js/cards.js
1739191140225|POST|/temp/deck
1739191140896|PATCH|/temp/deck/shuffle/7u2rz606
1739191141539|GET|/temp/deck/7u2rz606/card
1739191143603|GET|/css/styles.css
1739191152154|GET|/
1739191152181|GET|/css/styles.css
1739191152183|GET|/js/cards.js
1739191154131|POST|/temp/deck
1739191154892|PATCH|/temp/deck/shuffle/hkyfte5o
1739191156184|GET|/temp/deck/hkyfte5o/card
1739191268582|GET|/
1739191268623|GET|/css/styles.css
1739191268625|GET|/js/cards.js
1739191269547|POST|/temp/deck
1739191270239|PATCH|/temp/deck/shuffle/3cifvp5v
1739191272698|GET|/temp/deck/3cifvp5v/card
1739191345841|GET|/
1739191345877|GET|/css/styles.css
1739191345879|GET|/js/cards.js
1739191346855|POST|/temp/deck
1739191347630|PATCH|/temp/deck/shuffle/gi1ysr6c
1739191349871|GET|/temp/deck/gi1ysr6c/card
1739191773753|GET|/
1739191773812|GET|/css/styles.css
1739191773819|GET|/js/cards.js
1739191775023|POST|/temp/deck
1739191775957|PATCH|/temp/deck/shuffle/mvopvmnq
1739191779445|GET|/temp/deck/mvopvmnq/card
1739191917127|GET|/
1739191917155|GET|/css/styles.css
1739191917165|GET|/js/cards.js
1739191928644|POST|/temp/deck
1739191944137|GET|/
1739191944157|GET|/css/styles.css
1739191944159|GET|/js/cards.js
1739191945082|POST|/temp/deck
1739191969943|POST|/temp/deck
1739191971261|PATCH|/temp/deck/shuffle/f4hy6a4o
1739191973169|GET|/temp/deck/f4hy6a4o/card
1739191991699|GET|/
1739191991733|GET|/css/styles.css
1739191991735|GET|/js/cards.js
1739191993042|POST|/temp/deck
1739191996231|PATCH|/temp/deck/shuffle/8ejy9ffw
1739191997829|GET|/temp/deck/8ejy9ffw/card
1739192078958|GET|/
1739192078998|GET|/css/styles.css
1739192079009|GET|/js/cards.js
1739192080133|POST|/temp/deck
1739192081073|PATCH|/temp/deck/shuffle/zstd2p3d
1739192082416|GET|/temp/deck/zstd2p3d/card
1739192107051|GET|/
1739192107078|GET|/css/styles.css
1739192107088|GET|/js/cards.js
1739192107816|POST|/temp/deck
1739192108414|PATCH|/temp/deck/shuffle/sgopote5
1739192179987|GET|/
1739192180049|GET|/css/styles.css
1739192180050|GET|/js/cards.js
1739192181476|POST|/temp/deck
1739192182335|PATCH|/temp/deck/shuffle/ejq995n3
1739192183256|GET|/temp/deck/ejq995n3/card
1739192199444|GET|/
1739192199474|GET|/css/styles.css
1739192199476|GET|/js/cards.js
1739192200915|POST|/temp/deck
1739192201875|PATCH|/temp/deck/shuffle/jn3z6n7q
1739192202506|GET|/temp/deck/jn3z6n7q/card
1739192291235|GET|/
1739192291281|GET|/css/styles.css
1739192291288|GET|/js/cards.js
1739192292105|POST|/temp/deck
1739192292753|PATCH|/temp/deck/shuffle/rz1j4fgr
1739192293511|GET|/temp/deck/rz1j4fgr/card
1739192317146|GET|/
1739192317181|GET|/css/styles.css
1739192317181|GET|/js/cards.js
1739192318184|POST|/temp/deck
1739192318981|PATCH|/temp/deck/shuffle/h2b3xd94
1739192319681|GET|/temp/deck/h2b3xd94/card
1739192354976|GET|/
1739192355010|GET|/css/styles.css
1739192355012|GET|/js/cards.js
1739192355940|POST|/temp/deck
1739192356612|PATCH|/temp/deck/shuffle/jo8bjxyb
1739192357255|GET|/temp/deck/jo8bjxyb/card
1739192517065|GET|/
1739192517102|GET|/css/styles.css
1739192517105|GET|/js/cards.js
1739192518349|POST|/temp/deck
1739192523578|GET|/
1739192523613|GET|/css/styles.css
1739192523614|GET|/js/cards.js
1739192524257|POST|/temp/deck
1739192597249|POST|/temp/deck
1739192598141|PATCH|/temp/deck/shuffle/q0ejr9gq
1739192600389|GET|/temp/deck/q0ejr9gq/card
1739192648981|GET|/
1739192649039|GET|/css/styles.css
1739192649041|GET|/js/cards.js
1739192649907|POST|/temp/deck
1739192650587|PATCH|/temp/deck/shuffle/k6shmzhy
1739192657223|GET|/
1739192657251|GET|/css/styles.css
1739192657257|GET|/js/cards.js
1739192657965|POST|/temp/deck
1739192658557|PATCH|/temp/deck/shuffle/dlkd0sdo
1739192659614|GET|/temp/deck/dlkd0sdo/card
1739192661573|GET|/
1739192661598|GET|/css/styles.css
1739192661606|GET|/js/cards.js
1739192673026|GET|/
1739192673052|GET|/js/cards.js
1739192673054|GET|/css/styles.css
1739192673876|POST|/temp/deck
1739192675614|PATCH|/temp/deck/shuffle/347mqmwk
1739192687434|GET|/
1739192687459|GET|/css/styles.css
1739192687460|GET|/js/cards.js
1739192688230|POST|/temp/deck
1739192688902|PATCH|/temp/deck/shuffle/shla6exi
1739192698266|GET|/
1739192698295|GET|/css/styles.css
1739192698297|GET|/js/cards.js
1739192698969|POST|/temp/deck
1739192699644|PATCH|/temp/deck/shuffle/nfcuzrh9
1739192799285|GET|/
1739192799330|GET|/css/styles.css
1739192799340|GET|/js/cards.js
1739192800040|POST|/temp/deck
1739192800744|PATCH|/temp/deck/shuffle/4mkloh7k
1739192801727|GET|/temp/deck/4mkloh7k/card
1739192808615|GET|/
1739192808642|GET|/css/styles.css
1739192808644|GET|/js/cards.js
1739192809249|POST|/temp/deck
1739192809830|PATCH|/temp/deck/shuffle/o7qbxeg7
1739192810422|GET|/deck/o7qbxeg7/card
1739192813637|GET|/
1739192813664|GET|/css/styles.css
1739192813667|GET|/js/cards.js
1739192898273|GET|/
1739192898322|GET|/css/styles.css
1739192898323|GET|/js/cards.js
1739192899199|POST|/temp/deck
1739192900114|PATCH|/temp/deck/shuffle/m7qjo882
1739192900855|GET|/deck/m7qjo882/card
1739193165580|GET|/
1739193165632|GET|/css/styles.css
1739193165642|GET|/js/cards.js
1739193166854|POST|/temp/deck
1739193204217|GET|/
1739193204246|GET|/css/styles.css
1739193204250|GET|/js/cards.js
1739193205079|POST|/temp/deck
1739193243717|GET|/
1739193243759|GET|/css/styles.css
1739193243763|GET|/js/cards.js
1739193245009|POST|/temp/deck
1739193353005|GET|/
1739193353043|GET|/css/styles.css
1739193353053|GET|/js/cards.js
1739193353834|POST|/temp/deck
1739193354728|PATCH|/temp/deck/shuffle/o8snlnha
1739193355470|GET|/deck/o8snlnha/card
1739193459036|GET|/
1739193459079|GET|/css/styles.css
1739193459083|GET|/js/cards.js
1739193460022|POST|/temp/deck
1739193460914|PATCH|/temp/deck/shuffle/rxtkz0ia
1739193461842|GET|/deck/rxtkz0ia/card
1739193541129|GET|/
1739193541173|GET|/css/styles.css
1739193541179|GET|/js/cards.js
1739193541931|POST|/temp/deck
1739193542774|PATCH|/temp/deck/shuffle/l6diqu3p
1739193545290|GET|/deck/l6diqu3p/card
1739193904311|GET|/
1739193904347|GET|/css/styles.css
1739193904349|GET|/js/cards.js
1739193906861|POST|/temp/deck
1739193907844|PATCH|/temp/deck/shuffle/i9vssb8t
1739193908600|GET|/deck/i9vssb8t/card
1739194023352|GET|/
1739194023380|GET|/js/cards.js
1739194023382|GET|/css/styles.css
1739194024499|POST|/temp/deck
1739194025082|PATCH|/temp/deck/shuffle/39ta2nyr
1739194027290|GET|/deck/39ta2nyr/card
1739194373540|GET|/
1739194373566|GET|/css/styles.css
1739194373569|GET|/js/cards.js
1739194374366|POST|/temp/deck
1739194376413|POST|/temp/deck
1739194534447|GET|/
1739194534477|GET|/css/styles.css
1739194534478|GET|/js/cards.js
1739194535395|POST|/temp/deck
1739194536101|PATCH|/temp/deck/shuffle/lpj1in5r
1739194536834|GET|/deck/lpj1in5r/card
1739194604357|GET|/
1739194604387|GET|/css/styles.css
1739194604390|GET|/js/cards.js
1739194605259|POST|/temp/deck
1739194606127|PATCH|/temp/deck/shuffle/1zri8xz3
1739194608151|GET|/temp/deck/1zri8xz3/card
1739194613775|GET|/
1739194613800|GET|/css/styles.css
1739194613801|GET|/js/cards.js
1739194614476|POST|/temp/deck
1739194615307|PATCH|/temp/deck/shuffle/wr80cv6z
1739194616047|GET|/deck/wr80cv6z/card
1739194643794|GET|/
1739194643818|GET|/css/styles.css
1739194643819|GET|/js/cards.js
1739194676129|POST|/temp/deck
1739194677157|PATCH|/temp/deck/shuffle/97w5r37w
1739194677773|GET|/deck/97w5r37w/card
1739194697924|GET|/
1739194697957|GET|/js/cards.js
1739194697959|GET|/css/styles.css
1739194699235|POST|/temp/deck
1739194700078|PATCH|/temp/deck/shuffle/mswhudva
1739194703484|GET|/temp/deck/mswhudva/card
1739194720148|GET|/
1739194720168|GET|/js/cards.js
1739194720169|GET|/css/styles.css
1739194720957|POST|/temp/deck
1739194721709|PATCH|/temp/deck/shuffle/i20z1x11
1739194724352|GET|/temp/deck/i20z1x11/card
1739194826389|POST|/temp/deck
1739194827369|PATCH|/temp/deck/shuffle/uensxc5d
1739194830341|GET|/temp/deck/uensxc5d/card
1739194960275|GET|/
1739194960312|GET|/css/styles.css
1739194960316|GET|/js/cards.js
1739194961428|POST|/deck
1739195088233|GET|/
1739195088263|GET|/js/cards.js
1739195088264|GET|/css/styles.css
1739195090099|POST|/temp/deck
1739195091028|PATCH|/temp/deck/shuffle/okwduy20
1739195094164|GET|/temp/deck/okwduy20/card
1739195141588|POST|/temp/deck
1739195142149|POST|/temp/deck
1739195142638|PATCH|/temp/deck/shuffle/ix0vmvgk
1739195145511|GET|/
1739195145540|GET|/css/styles.css
1739195145541|GET|/js/cards.js
1739195159659|POST|/temp/deck
1739195160731|PATCH|/temp/deck/shuffle/v4bjhk55
1739195175980|GET|/temp/deck/v4bjhk55/card
1739195177115|POST|/temp/deck
1739195178033|GET|/temp/deck/0mwu20ey/card
1739195179513|GET|/
1739195179541|GET|/css/styles.css
1739195179550|GET|/js/cards.js
1739195184160|POST|/temp/deck
1739195187151|PATCH|/temp/deck/shuffle/317b8nj9
1739195262428|GET|/
1739195262456|GET|/js/cards.js
1739195262457|GET|/css/styles.css
1739195263284|POST|/temp/deck
1739195264900|PATCH|/temp/deck/shuffle/uj9g11al
1739195265973|GET|/temp/deck/uj9g11al/card
1739195694882|GET|/
1739195694916|GET|/css/styles.css
1739195694918|GET|/js/cards.js
1739195696249|POST|/temp/deck
1739195702398|POST|/temp/deck
1739195903652|GET|/
1739195903690|GET|/css/styles.css
1739195903693|GET|/js/cards.js
1739195904827|POST|/temp/deck
1739195905947|PATCH|/temp/deck/shuffle/7mf0ws8d
1739196151052|POST|/temp/deck
1739196152074|PATCH|/temp/deck/shuffle/lfpfyq3n
1739196427637|GET|/
1739196427672|GET|/css/styles.css
1739196427674|GET|/js/cards.js
1739196429191|POST|/temp/
1739196430136|PATCH|/temp/shuffle/pxwf3jdf
1739196432922|GET|/temp/pxwf3jdf/card
1739196577452|GET|/
1739196577480|GET|/css/styles.css
1739196577487|GET|/js/cards.js
1739196578337|POST|/temp/
1739196579106|PATCH|/temp/shuffle/3xort6m8
1739196582470|GET|/temp/3xort6m8/card
1739196706054|GET|/
1739196706084|GET|/css/styles.css
1739196706086|GET|/js/cards.js
1739196706964|POST|/temp/
1739196720793|GET|/
1739196720814|GET|/js/cards.js
1739196720815|GET|/css/styles.css
1739196721662|POST|/temp/
1739196937322|GET|/
1739196937406|GET|/css/styles.css
1739196937409|GET|/js/cards.js
1739196939211|POST|/temp/deck
1739196950553|GET|/
1739196950576|GET|/js/cards.js
1739196950578|GET|/css/styles.css
1739196951513|POST|/temp/deck
1739197541376|GET|/
1739197541408|GET|/js/cards.js
1739197541409|GET|/css/styles.css
1739197542656|POST|/temp/deck
1739197643565|GET|/
1739197643593|GET|/js/cards.js
1739197643594|GET|/css/styles.css
1739197644607|POST|/temp/deck
1739197645599|PATCH|/temp/deck/shuffle/9gyfcd2u
1739197647567|GET|/temp/deck/9gyfcd2u/card
1739197860858|GET|/
1739197860935|GET|/js/cards.js
1739197860937|GET|/css/styles.css
1739197861953|POST|/temp/deck
1739197862951|PATCH|/temp/deck/shuffle/lkuw1io8
1739198214887|GET|/
1739198214955|GET|/css/styles.css
1739198214962|GET|/js/cards.js
1739198216580|POST|/temp/deck
1739198217367|PATCH|/temp/deck/shuffle/egx6d16l
1739198219087|GET|/temp/deck/egx6d16l/card
1739198219099|GET|/imgs/cards/diamonds_2.png
1739198221540|GET|/css/styles.css
1739198941496|GET|/
1739198941528|GET|/css/styles.css
1739198941535|GET|/js/cards.js
1739198942750|POST|/temp/deck
1739198943429|PATCH|/temp/deck/shuffle/1r6w1uqj
1739198945775|GET|/temp/deck/1r6w1uqj/card
1739198945789|GET|/imgs/cards/hearts_5.png
1739198951458|GET|/session
1739198954052|GET|/session
1739198955008|GET|/session
1739198970496|GET|/session
1739198986689|GET|/session
1739198987857|GET|/session
1739198994520|GET|/tmp/quote
1739198996061|GET|/tmp/quote
1739198997632|GET|/tmp/quote
1739199003249|GET|/tmp/
1739199029252|GET|/
1739199029271|GET|/css/styles.css
1739199029273|GET|/js/cards.js
1739199034584|GET|/tmp/poem
1739199044833|GET|/session
1739199063182|GET|/session
1739199064722|GET|/session
1739199065296|GET|/session
1739199082606|GET|/session
1739199090664|GET|/session
1739199095218|GET|/session
1740155320232|GET|/
1740155320260|GET|/css/styles.css
1740155320261|GET|/js/cards.js
1740155321488|POST|/temp/deck
1740155322262|PATCH|/temp/deck/shuffle/gvzd89oh
1740155323720|GET|/temp/deck/gvzd89oh/card
1740155323724|GET|/imgs/cards/diamonds_K.png
1740155331253|GET|/temp/deck/gvzd89oh/card
1740155331257|GET|/imgs/cards/clubs_6.png
1740155332378|GET|/temp/deck/gvzd89oh/card
1740155332382|GET|/imgs/cards/hearts_6.png
1740155333350|PATCH|/temp/deck/shuffle/gvzd89oh
1740155334700|GET|/temp/deck/gvzd89oh/card
1740155334703|GET|/imgs/cards/clubs_2.png
1740155335321|GET|/temp/deck/gvzd89oh/card
1740155335324|GET|/imgs/cards/diamonds_J.png
1740155336139|GET|/temp/deck/gvzd89oh/card
1740155336142|GET|/imgs/cards/diamonds_6.png
1740155337195|PATCH|/temp/deck/shuffle/gvzd89oh
1740155338357|GET|/temp/deck/gvzd89oh/card
1740155338360|GET|/imgs/cards/hearts_10.png
1740155338810|GET|/temp/deck/gvzd89oh/card
1740155338813|GET|/imgs/cards/hearts_8.png
1740155339175|GET|/temp/deck/gvzd89oh/card
1740155339178|GET|/imgs/cards/diamonds_9.png
1740155339509|GET|/temp/deck/gvzd89oh/card
1740155339511|GET|/imgs/cards/diamonds_4.png
1740155339842|GET|/temp/deck/gvzd89oh/card
1740155339845|GET|/imgs/cards/spades_8.png
1740155340147|GET|/temp/deck/gvzd89oh/card
1740155340150|GET|/imgs/cards/diamonds_7.png
1740155340415|GET|/temp/deck/gvzd89oh/card
1740155340418|GET|/imgs/cards/spades_2.png
1740155340667|GET|/temp/deck/gvzd89oh/card
1740155340670|GET|/imgs/cards/diamonds_Q.png
1740155340849|GET|/temp/deck/gvzd89oh/card
1740155340852|GET|/imgs/cards/clubs_K.png
1740155341020|GET|/temp/deck/gvzd89oh/card
1740155341023|GET|/imgs/cards/spades_Q.png
1740155341167|GET|/temp/deck/gvzd89oh/card
1740155341170|GET|/imgs/cards/diamonds_10.png
1740155341366|GET|/temp/deck/gvzd89oh/card
1740155341368|GET|/imgs/cards/hearts_K.png
1740155341546|GET|/temp/deck/gvzd89oh/card
1740155341549|GET|/imgs/cards/clubs_7.png
1740155341711|GET|/temp/deck/gvzd89oh/card
1740155341714|GET|/imgs/cards/spades_4.png
1740155341888|GET|/temp/deck/gvzd89oh/card
1740155341890|GET|/imgs/cards/hearts_9.png
1740155342049|GET|/temp/deck/gvzd89oh/card
1740155342052|GET|/imgs/cards/clubs_A.png
1740155342227|GET|/temp/deck/gvzd89oh/card
1740155342230|GET|/imgs/cards/clubs_9.png
1740155342377|GET|/temp/deck/gvzd89oh/card
1740155342379|GET|/imgs/cards/diamonds_A.png
1740155342571|GET|/temp/deck/gvzd89oh/card
1740155342574|GET|/imgs/cards/diamonds_2.png
1740155342740|GET|/temp/deck/gvzd89oh/card
1740155342743|GET|/imgs/cards/clubs_10.png
1740155342916|GET|/temp/deck/gvzd89oh/card
1740155342919|GET|/imgs/cards/clubs_8.png
1740155343082|GET|/temp/deck/gvzd89oh/card
1740155343084|GET|/imgs/cards/spades_5.png
1740155343237|GET|/temp/deck/gvzd89oh/card
1740155343240|GET|/imgs/cards/spades_7.png
1740155343423|GET|/temp/deck/gvzd89oh/card
1740155343426|GET|/imgs/cards/clubs_3.png
1740155343694|GET|/temp/deck/gvzd89oh/card
1740155343696|GET|/imgs/cards/hearts_5.png
1740155343859|GET|/temp/deck/gvzd89oh/card
1740155343862|GET|/imgs/cards/clubs_Q.png
1740155344030|GET|/temp/deck/gvzd89oh/card
1740155344033|GET|/imgs/cards/diamonds_8.png
1740155344371|GET|/temp/deck/gvzd89oh/card
1740155344375|GET|/imgs/cards/hearts_J.png
1740155344830|GET|/temp/deck/gvzd89oh/card
1740155344834|GET|/imgs/cards/spades_3.png
1740155345158|GET|/temp/deck/gvzd89oh/card
1740155345161|GET|/imgs/cards/spades_9.png
1740155345431|GET|/temp/deck/gvzd89oh/card
1740155345433|GET|/imgs/cards/clubs_4.png
1740155345605|GET|/temp/deck/gvzd89oh/card
1740155345607|GET|/imgs/cards/hearts_7.png
1740155345773|GET|/temp/deck/gvzd89oh/card
1740155345775|GET|/imgs/cards/diamonds_5.png
1740155345932|GET|/temp/deck/gvzd89oh/card
1740155345934|GET|/imgs/cards/spades_10.png
1740155346040|GET|/temp/deck/gvzd89oh/card
1740155346043|GET|/imgs/cards/hearts_Q.png
1740155346511|GET|/temp/deck/gvzd89oh/card
1740155346514|GET|/imgs/cards/hearts_4.png
1740155346882|GET|/temp/deck/gvzd89oh/card
1740155346885|GET|/imgs/cards/spades_K.png
1740155347372|GET|/temp/deck/gvzd89oh/card
1740155347375|GET|/imgs/cards/spades_6.png
1740155347681|GET|/temp/deck/gvzd89oh/card
1740155347684|GET|/imgs/cards/spades_J.png
1740155347846|GET|/temp/deck/gvzd89oh/card
1740155347849|GET|/imgs/cards/hearts_2.png
1740155348209|GET|/temp/deck/gvzd89oh/card
1740155348212|GET|/imgs/cards/hearts_A.png
1740155348494|GET|/temp/deck/gvzd89oh/card
1740155348496|GET|/imgs/cards/spades_A.png
1740155348653|GET|/temp/deck/gvzd89oh/card
1740155348656|GET|/imgs/cards/hearts_3.png
1740155348818|GET|/temp/deck/gvzd89oh/card
1740155348821|GET|/imgs/cards/clubs_5.png
1740155348976|GET|/temp/deck/gvzd89oh/card
1740155348979|GET|/imgs/cards/clubs_J.png
1740155349151|GET|/temp/deck/gvzd89oh/card
1740155349154|GET|/imgs/cards/diamonds_3.png
1740155349562|GET|/temp/deck/gvzd89oh/card
1740155349730|GET|/temp/deck/gvzd89oh/card
1740155349916|GET|/temp/deck/gvzd89oh/card
1740155350228|GET|/temp/deck/gvzd89oh/card
1740155350383|GET|/temp/deck/gvzd89oh/card
1740155351110|PATCH|/temp/deck/shuffle/gvzd89oh
1740155352499|GET|/temp/deck/gvzd89oh/card
1740155353542|POST|/temp/deck
1740567246105|GET|/
1740567246109|Noen spurte etter root
1740567246158|GET|/favicon.ico
1740567247976|GET|/
1740567247977|Noen spurte etter root
1740567415040|GET|/
1740567415053|GET|/css/styles.css
1740567415054|GET|/js/cards.js
1740567416775|POST|/temp/deck
1740567417302|PATCH|/temp/deck/shuffle/3r5uy4vk
1740567418464|GET|/temp/deck/3r5uy4vk/card
1740567418467|GET|/imgs/cards/hearts_6.png
1740567420560|GET|/
1740567420571|GET|/css/styles.css
1740567420571|GET|/js/cards.js
1740567436577|GET|/
1740567436579|Noen spurte etter root
1740567465089|GET|/
1740567465098|GET|/js/cards.js
1740567465099|GET|/css/styles.css
1740567466025|POST|/temp/deck
1740567466452|PATCH|/temp/deck/shuffle/xx46507p
1740567467580|GET|/temp/deck/xx46507p/card
1740567467583|GET|/imgs/cards/clubs_8.png
1740567484782|GET|/
1740567484783|Noen spurte etter root
1740567485467|GET|/
1740567485469|Noen spurte etter root
1740567486467|GET|/
1740567486468|Noen spurte etter root
1740567509921|GET|/
1740567509922|Noen spurte etter root
1740567510640|GET|/
1740567510641|Noen spurte etter root
1740567519335|GET|/
1740567519347|GET|/js/cards.js
1740567519348|GET|/css/styles.css
1740567558014|GET|/
1740567559355|GET|/
1740567597299|GET|/
1740567603245|GET|/
1740567614003|GET|/
1740567616151|GET|/
1740567640392|GET|/
1740567653970|GET|/
1740567653983|GET|/js/cards.js
1740567653984|GET|/css/styles.css
1740567655077|POST|/temp/deck
1740567655584|PATCH|/temp/deck/shuffle/yuavd2jd
1740567656638|GET|/temp/deck/yuavd2jd/card
1740567656641|GET|/imgs/cards/hearts_4.png
1740567684909|GET|/
1740567684912|Noen spurte etter root
1740567842016|GET|/
1740567842017|Noen spurte etter root
1740567852656|GET|/kortstokk
1740567857015|GET|/kortstokk
1740567950723|GET|/
1740567950724|Noen spurte etter root
1740567953355|GET|/
1740567953356|Noen spurte etter root
1740568002501|GET|/
1740568002502|Noen spurte etter root
1740568008648|GET|/
1740568008657|GET|/css/styles.css
1740568008657|GET|/js/app.js
1740568008664|GET|/service-worker.js
1740568008676|GET|/service-worker.js
1740568008680|GET|/manifest.json
1740568213486|GET|/
1740568213487|Noen spurte etter root
1740568214002|GET|/
1740568214003|Noen spurte etter root
1740568515798|GET|/
1740568515799|Noen spurte etter root
1740568529710|GET|/
1740568529711|Noen spurte etter root
1740568574185|GET|/
1740568574186|Noen spurte etter root
1740568698165|GET|/
1740568698192|GET|/css/styles.css
1740568698194|GET|/js/app.js
1740568698203|GET|/service-worker.js
1740568698229|GET|/manifest.json
1740584344620|GET|/
1740584344642|GET|/css/styles.css
1740584344646|GET|/js/app.js
1740584344655|GET|/service-worker.js
1740584344656|GET|/js/service-worker.js
1740584344681|GET|/manifest.json
1740584344687|GET|/
1740584344688|GET|/html/oppskriftsapp.html
1740584344688|GET|/css/styles.css
1740584344689|GET|/imgs/pwa/icon-192x192.png
1740584344694|GET|/js/app.js
1740584348183|GET|/css/styles.css
1740584348184|GET|/manifest.json
1740584348255|GET|/imgs/pwa/icon-192x192.png
1740584348290|GET|/imgs/pwa/icon-512x512.png
1740584348307|GET|/imgs/pwa/screenshot1.png
1741440116461|GET|/
1741440116495|GET|/css/styles.css
1741440116496|GET|/js/app.js
1741440116514|GET|/service-worker.js
1741440116515|GET|/js/service-worker.js
1741440116550|GET|/manifest.json
1741440116551|GET|/favicon.ico
1741440116564|GET|/html/oppskriftsapp.html
1741440116566|GET|/
1741440116567|GET|/css/styles.css
1741440116577|GET|/css/styles.css
1741440116581|GET|/imgs/pwa/icon-192x192.png
1741440116582|GET|/
1741440116582|GET|/html/oppskriftsapp.html
1741440116586|GET|/js/app.js
1741440116595|GET|/js/app.js
1741440120048|GET|/css/styles.css
1741440120049|GET|/manifest.json
1741440126371|GET|/manifest.json
1741440126381|GET|/imgs/pwa/icon-192x192.png
1741440127922|GET|/service-worker.js
1741440175113|GET|/manifest.json
1741440175121|GET|/imgs/pwa/icon-192x192.png
1741440176669|GET|/service-worker.js
1741440182537|GET|/manifest.json
1741525737985|GET|/manifest.json
1741525737987|GET|/favicon.ico
1741525738002|GET|/imgs/pwa/icon-192x192.png
1741525739522|GET|/service-worker.js
1741525792935|GET|/api/recipes
1741525794520|GET|/service-worker.js
1741525822214|GET|/api/recipes
1741526156632|GET|/api/recipes
1741526157627|GET|/api/recipes
1741526159180|GET|/service-worker.js
1741526160968|GET|/api/recipes
1741526162437|GET|/api/recipes
1741526216196|GET|/api/recipes
1741526217525|GET|/api/recipes
1741526218625|GET|/api/recipes
1741526218793|GET|/api/recipes
1741526249649|GET|/api/recipes
1741526253300|GET|/api/recipes
1741526256961|GET|/api/recipes
1741526258531|GET|/service-worker.js
1741526614528|POST|/api/recipes
1741526789024|POST|/api/recipes
1741526843074|POST|/api/recipes
1741527072118|POST|/api/recipes
1741527095784|GET|/api/recipes
1741527110148|GET|/api/recipes
1741527123270|GET|/api/recipes
1741527156122|GET|/
1741527156669|GET|/css/styles.css
1741527156670|GET|/js/app.js
1741527165871|GET|/api/recipes
1741527209623|GET|/api/recipes
1741527265377|POST|/api/recipes
1741527830244|GET|/api/recipes
1741527837372|POST|/api/recipes
1741527958057|GET|/api/recipes
1741527963989|POST|/api/recipes
1741528065596|POST|/api/recipes
1741528077425|POST|/api/recipes
1741528628563|PUT|/api/recipes/1
1741528986183|PUT|/api/recipes/1
1741529092974|PUT|/api/recipes/1
1741529138261|GET|/api/recipes/
1741529146969|PUT|/api/recipes/1
1741529324258|PUT|/api/recipes/1
1741529341989|PUT|/api/recipes/1
1741529349264|PUT|/api/recipes/1
1741530519522|DELETE|/api/recipes/1
1741531282155|GET|/manifest.json
1741531282185|GET|/imgs/pwa/icon-192x192.png
1741531283659|GET|/service-worker.js
1741531355607|GET|/manifest.json
1741531363433|GET|/manifest.json
1741531363463|GET|/imgs/pwa/icon-192x192.png
1741531364984|GET|/service-worker.js
1741531538106|GET|/manifest.json
1741531538150|GET|/imgs/pwa/icon-192x192.png
1741531539625|GET|/service-worker.js
1741531660597|GET|/manifest.json
1741531660623|GET|/imgs/pwa/icon-192x192.png
1741531662176|GET|/service-worker.js
1741531766111|GET|/manifest.json
1741531766130|GET|/imgs/pwa/icon-192x192.png
1741531767641|GET|/service-worker.js
1741531816429|GET|/manifest.json
1741531816492|GET|/imgs/pwa/icon-192x192.png
1741531817994|GET|/service-worker.js
1741531826369|GET|/api/recipes
1741531828018|GET|/service-worker.js
1741531829205|GET|/api/recipes
1741531830109|GET|/api/recipes
1741531831737|GET|/service-worker.js
1741531838278|GET|/imgs/pwa/icon-192x192.png
1741531838298|GET|/manifest.json
1741531864514|GET|/manifest.json
1741531864531|GET|/imgs/pwa/icon-192x192.png
1741531866069|GET|/service-worker.js
1741531893815|GET|/manifest.json
1741531893834|GET|/imgs/pwa/icon-192x192.png
1741531895360|GET|/service-worker.js
1741532006865|GET|/manifest.json
1741532006889|GET|/imgs/pwa/icon-192x192.png
1741532008399|GET|/service-worker.js
1741532035280|GET|/manifest.json
1741532035308|GET|/imgs/pwa/icon-192x192.png
1741532036805|GET|/service-worker.js
1741532039734|GET|/manifest.json
1741532042806|GET|/manifest.json
1741532042822|GET|/imgs/pwa/icon-192x192.png
1741532044362|GET|/service-worker.js
1741532107723|GET|/manifest.json
1741532107739|GET|/imgs/pwa/icon-192x192.png
1741532109255|GET|/service-worker.js
1741532302004|GET|/manifest.json
1741532302022|GET|/imgs/pwa/icon-192x192.png
1741532303561|GET|/service-worker.js
1741532325632|GET|/manifest.json
1741532325645|GET|/imgs/pwa/icon-192x192.png
1741532327180|GET|/service-worker.js
1741532368317|GET|/manifest.json
1741532368329|GET|/imgs/pwa/icon-192x192.png
1741532369855|GET|/service-worker.js
1741532836788|GET|/manifest.json
1741532836801|GET|/imgs/pwa/icon-192x192.png
1741532838320|GET|/service-worker.js
1741532893690|GET|/api/recipes
1741532895274|GET|/service-worker.js
1741532895418|GET|/api/recipes
1741532896986|GET|/service-worker.js
1741533070266|GET|/manifest.json
1741533070272|GET|/imgs/pwa/icon-192x192.png
1741533071809|GET|/service-worker.js
1741533072826|GET|/manifest.json
1741533072832|GET|/imgs/pwa/icon-192x192.png
1741533074364|GET|/service-worker.js
1741533086883|GET|/manifest.json
1741533086893|GET|/imgs/pwa/icon-192x192.png
1741533088418|GET|/service-worker.js
1741533132719|GET|/manifest.json
1741533132729|GET|/imgs/pwa/icon-192x192.png
1741533134268|GET|/service-worker.js
1741533174730|GET|/manifest.json
1741533174737|GET|/imgs/pwa/icon-192x192.png
1741533176266|GET|/service-worker.js
1741533212121|GET|/manifest.json
1741533212130|GET|/imgs/pwa/icon-192x192.png
1741533212946|GET|/manifest.json
1741533212952|GET|/imgs/pwa/icon-192x192.png
1741533214476|GET|/service-worker.js
1741533217509|GET|/manifest.json
1741533217515|GET|/imgs/pwa/icon-192x192.png
1741533219042|GET|/service-worker.js
1741533448886|GET|/manifest.json
1741533448893|GET|/imgs/pwa/icon-192x192.png
1741533450418|GET|/service-worker.js
1741533540624|GET|/
1741533540645|GET|/css/styles.css
1741533540651|GET|/js/app.js
1741533548818|GET|/manifest.json
1741533548820|GET|/favicon.ico
1741533548836|GET|/imgs/pwa/icon-192x192.png
1741533551195|GET|/api/recipes
1741533569603|GET|/api/recipes
1741533626392|GET|/manifest.json
1741533626399|GET|/imgs/pwa/icon-192x192.png
1741533627925|GET|/service-worker.js
1741533633367|GET|/
1741533633380|GET|/css/styles.css
1741533633384|GET|/js/app.js
1741533634772|GET|/favicon.ico
1741533634776|GET|/manifest.json
1741533634785|GET|/imgs/pwa/icon-192x192.png
1741533636158|GET|/api/recipes
1741533643685|GET|/manifest.json
1741533643694|GET|/imgs/pwa/icon-192x192.png
1741533645235|GET|/service-worker.js
1741533652583|GET|/manifest.json
1741533652590|GET|/imgs/pwa/icon-192x192.png
1741533654119|GET|/service-worker.js
1741533662907|GET|/manifest.json
1741533662916|GET|/imgs/pwa/icon-192x192.png
1741533664443|GET|/service-worker.js
1741533677054|GET|/
1741533677070|GET|/css/styles.css
1741533677070|GET|/js/app.js
1741533679297|GET|/favicon.ico
1741533679296|GET|/manifest.json
1741533679304|GET|/imgs/pwa/icon-192x192.png
1741533680489|GET|/api/recipes
1741533733281|GET|/manifest.json
1741533733287|GET|/imgs/pwa/icon-192x192.png
1741533734797|GET|/service-worker.js
1741533736977|GET|/manifest.json
1741533741167|GET|/
1741533741183|GET|/css/styles.css
1741533741184|GET|/js/app.js
1741533742402|GET|/manifest.json
1741533742403|GET|/favicon.ico
1741533742409|GET|/imgs/pwa/icon-192x192.png
1741533744191|GET|/api/recipes
1741534119286|GET|/manifest.json
1741534119293|GET|/imgs/pwa/icon-192x192.png
1741534120822|GET|/service-worker.js
1741534120841|GET|/html/oppskriftsapp.html
1741534120841|GET|/
1741534120842|GET|/css/styles.css
1741534120847|GET|/js/app.js
1741534143754|GET|/manifest.json
1741534143762|GET|/imgs/pwa/icon-192x192.png
1741534145807|GET|/api/recipes
1741534146540|GET|/service-worker.js
1741534146563|GET|/html/oppskriftsapp.html
1741534146563|GET|/
1741534146564|GET|/css/styles.css
1741534146569|GET|/js/app.js
1741534153524|GET|/api/recipes
1741534157581|GET|/js/app.js
1741534159165|GET|/manifest.json
1741534159172|GET|/imgs/pwa/icon-192x192.png
1741534162324|GET|/service-worker.js
1741534171506|GET|/js/app.js
1741534171531|GET|/manifest.json
1741534171538|GET|/imgs/pwa/icon-192x192.png
1741534173075|GET|/service-worker.js
1741534173273|GET|/api/recipes
1741534176633|GET|/api/recipes
1741534178132|GET|/js/app.js
1741534178153|GET|/manifest.json
1741534178162|GET|/imgs/pwa/icon-192x192.png
1741534179424|GET|/js/app.js
1741534179445|GET|/manifest.json
1741534179454|GET|/imgs/pwa/icon-192x192.png
1741534179688|GET|/service-worker.js
1741534180985|GET|/service-worker.js
1741534181072|GET|/api/recipes
1741534223817|GET|/js/app.js
1741534223851|GET|/manifest.json
1741534223865|GET|/imgs/pwa/icon-192x192.png
1741534225304|GET|/api/recipes
1741534225404|GET|/service-worker.js
1741534225422|GET|/
1741534225423|GET|/html/oppskriftsapp.html
1741534225424|GET|/css/styles.css
1741534225429|GET|/js/app.js
1741534259666|GET|/
1741534259699|GET|/css/styles.css
1741534259720|GET|/js/app.js
1741534259777|GET|/favicon.ico
1741534259778|GET|/manifest.json
1741534259813|GET|/imgs/pwa/icon-192x192.png
1741534262300|GET|/api/recipes
1741534266658|GET|/js/app.js
1741534266680|GET|/manifest.json
1741534266690|GET|/imgs/pwa/icon-192x192.png
1741534267645|GET|/api/recipes
1741534268215|GET|/service-worker.js
1741535792750|GET|/js/app.js
1741535793200|GET|/manifest.json
1741535793207|GET|/imgs/pwa/icon-192x192.png
1741535794333|GET|/service-worker.js
1741535794353|GET|/
1741535794354|GET|/html/oppskriftsapp.html
1741535794354|GET|/css/styles.css
1741535794359|GET|/js/app.js
1741535794734|GET|/api/recipes
1741535797146|GET|/manifest.json
1741535925740|GET|/js/app.js
1741535927050|GET|/manifest.json
1741535927058|GET|/imgs/pwa/icon-192x192.png
1741535928619|GET|/api/recipes
1741535929911|GET|/service-worker.js
1741535929925|GET|/html/oppskriftsapp.html
1741535929925|GET|/css/styles.css
1741535929924|GET|/
1741535929930|GET|/js/app.js
1741535948062|GET|/js/app.js
1741535949743|GET|/manifest.json
1741535949749|GET|/imgs/pwa/icon-192x192.png
1741535952969|GET|/service-worker.js
1741535967310|GET|/js/app.js
1741535967336|GET|/manifest.json
1741535967344|GET|/imgs/pwa/icon-192x192.png
1741535968756|GET|/api/recipes
1741535968885|GET|/service-worker.js
1741536343635|POST|/api/recipes
1741536348336|POST|/api/recipes
1741536371685|POST|/api/recipes
1741536379916|GET|/js/app.js
1741536380593|GET|/manifest.json
1741536380604|GET|/imgs/pwa/icon-192x192.png
1741536381595|GET|/service-worker.js
1741536382074|GET|/api/recipes
1741536384069|GET|/api/recipes
1741536386841|POST|/api/recipes
1741536438761|GET|/manifest.json
1741536466249|POST|/api/recipes/
1741536803909|POST|/api/recipes/
1741536819788|GET|/js/app.js
1741536821778|GET|/manifest.json
1741536821786|GET|/imgs/pwa/icon-192x192.png
1741536821905|GET|/service-worker.js
1741536822767|GET|/api/recipes
1741536831594|GET|/manifest.json
1741536833873|GET|/js/app.js
1741536833894|GET|/manifest.json
1741536833900|GET|/imgs/pwa/icon-192x192.png
1741536834892|GET|/api/recipes
1741536835425|GET|/service-worker.js
1741536888289|DELETE|/api/recipes/4
1741536895736|GET|/js/app.js
1741536895769|GET|/manifest.json
1741536895783|GET|/imgs/pwa/icon-192x192.png
1741536897318|GET|/service-worker.js
1741536897357|GET|/api/recipes
1741536904557|POST|/api/recipes/
1741536907709|GET|/js/app.js
1741536907738|GET|/manifest.json
1741536907745|GET|/imgs/pwa/icon-192x192.png
1741536909120|GET|/api/recipes
1741536909279|GET|/service-worker.js
1741537061452|GET|/js/app.js
1741537062036|GET|/manifest.json
1741537062037|GET|/favicon.ico
1741537062057|GET|/imgs/pwa/icon-192x192.png
1741537063035|GET|/service-worker.js
1741537063292|GET|/api/recipes
1741537065927|GET|/manifest.json
1741537067485|GET|/api/recipes
1741537068579|GET|/js/app.js
1741537068599|GET|/manifest.json
1741537068607|GET|/imgs/pwa/icon-192x192.png
1741537070138|GET|/service-worker.js
1741537071364|GET|/api/recipes
1741537077810|GET|/
1741537077825|GET|/css/styles.css
1741537077829|GET|/js/app.js
1741537077853|GET|/favicon.ico
1741537077853|GET|/manifest.json
1741537077866|GET|/imgs/pwa/icon-192x192.png
1741537079975|GET|/api/recipes
1741537081874|GET|/js/app.js
1741537081897|GET|/manifest.json
1741537081905|GET|/imgs/pwa/icon-192x192.png
1741537082809|GET|/api/recipes
1741537083436|GET|/service-worker.js
1741636991214|GET|/js/app.js
1741636992092|GET|/manifest.json
1741636992101|GET|/imgs/pwa/icon-192x192.png
1741636993093|GET|/service-worker.js
1741636993792|GET|/api/recipes
1741637024823|GET|/service-worker.js
1741637104539|GET|/js/app.js
1741637104548|GET|/manifest.json
1741637104554|GET|/imgs/pwa/icon-192x192.png
1741637106081|GET|/service-worker.js
1741637106411|GET|/api/recipes
1741637129417|GET|/js/app.js
1741637129431|GET|/manifest.json
1741637129436|GET|/imgs/pwa/icon-192x192.png
1741637130799|GET|/api/recipes
1741637130959|GET|/service-worker.js
1741638552819|GET|/js/app.js
1741638553599|GET|/manifest.json
1741638553616|GET|/imgs/pwa/icon-192x192.png
1741638554609|GET|/service-worker.js
1741638554853|GET|/api/recipes
1741638556855|GET|/manifest.json
1741638752760|GET|/js/app.js
1741638752787|GET|/favicon.ico
1741638752789|GET|/manifest.json
1741638752811|GET|/imgs/pwa/icon-192x192.png
1741638754324|GET|/service-worker.js
1741638755257|GET|/api/recipes
1741638757009|GET|/js/app.js
1741638757034|GET|/manifest.json
1741638757041|GET|/imgs/pwa/icon-192x192.png
1741638758549|GET|/api/recipes
1741638758583|GET|/service-worker.js
1741638791583|GET|/js/app.js
1741638791606|GET|/manifest.json
1741638791622|GET|/imgs/pwa/icon-192x192.png
1741638793093|GET|/api/recipes
1741638793147|GET|/service-worker.js
1741638866733|GET|/api/recipes
1741638930916|GET|/js/app.js
1741638930940|GET|/manifest.json
1741638930950|GET|/imgs/pwa/icon-192x192.png
1741638932499|GET|/service-worker.js
1741638937366|GET|/js/app.js
1741638937391|GET|/manifest.json
1741638937397|GET|/imgs/pwa/icon-192x192.png
1741638938284|GET|/api/recipes
1741638938928|GET|/service-worker.js
1741639169881|GET|/js/app.js
1741639169918|GET|/manifest.json
1741639169929|GET|/imgs/pwa/icon-192x192.png
1741639171463|GET|/service-worker.js
1741639172097|GET|/js/app.js
1741639172129|GET|/manifest.json
1741639172137|GET|/imgs/pwa/icon-192x192.png
1741639173050|GET|/api/recipes
1741639173677|GET|/service-worker.js
1741639184166|GET|/
1741639184216|GET|/css/styles.css
1741639184216|GET|/js/app.js
1741639184285|GET|/favicon.ico
1741639184287|GET|/manifest.json
1741639184300|GET|/imgs/pwa/icon-192x192.png
1741639185442|GET|/api/recipes
1741639190233|GET|/js/app.js
1741639190255|GET|/manifest.json
1741639190262|GET|/imgs/pwa/icon-192x192.png
1741639191792|GET|/service-worker.js
1741639192023|GET|/api/recipes
1741639432210|GET|/js/app.js
1741639432228|GET|/manifest.json
1741639432234|GET|/imgs/pwa/icon-192x192.png
1741639433582|GET|/api/recipes
1741639433778|GET|/service-worker.js
1741639448787|GET|/
1741639448821|GET|/css/styles.css
1741639448821|GET|/js/app.js
1741639448860|GET|/favicon.ico
1741639448864|GET|/manifest.json
1741639448870|GET|/imgs/pwa/icon-192x192.png
1741639450018|GET|/api/recipes
1741639831974|POST|/api/recipes
1741639893677|GET|/js/app.js
1741639893712|GET|/manifest.json
1741639893717|GET|/imgs/pwa/icon-192x192.png
1741639894870|GET|/api/recipes
1741639895248|GET|/service-worker.js
1741639916220|GET|/
1741639916264|GET|/css/styles.css
1741639916265|GET|/js/app.js
1741639916303|GET|/favicon.ico
1741639916310|GET|/manifest.json
1741639916319|GET|/imgs/pwa/icon-192x192.png
1741639917705|GET|/api/recipes
1741641262862|GET|/js/app.js
1741641262905|GET|/favicon.ico
1741641262906|GET|/manifest.json
1741641262943|GET|/imgs/pwa/icon-192x192.png
1741641264277|GET|/api/recipes
1741641264432|GET|/service-worker.js
1741641272593|GET|/js/app.js
1741641272613|GET|/manifest.json
1741641272623|GET|/imgs/pwa/icon-192x192.png
1741641274164|GET|/service-worker.js
1741641274975|GET|/
1741641275007|GET|/css/styles.css
1741641275008|GET|/js/app.js
1741641275041|GET|/favicon.ico
1741641275041|GET|/manifest.json
1741641275066|GET|/imgs/pwa/icon-192x192.png
1741641276289|GET|/api/recipes
1741641280395|GET|/js/app.js
1741641280424|GET|/manifest.json
1741641280434|GET|/imgs/pwa/icon-192x192.png
1741641281490|GET|/api/recipes
1741641281968|GET|/service-worker.js
1741644777082|GET|/api/recipes
1741644823215|GET|/js/app.js
1741644823280|GET|/manifest.json
1741644823297|GET|/imgs/pwa/icon-192x192.png
1741644824237|GET|/api/recipes
1741644824821|GET|/service-worker.js
1741644857032|GET|/js/app.js
1741644857073|GET|/manifest.json
1741644857089|GET|/imgs/pwa/icon-192x192.png
1741644858333|GET|/api/recipes
1741644858596|GET|/service-worker.js
1741645194616|GET|/js/app.js
1741645194674|GET|/manifest.json
1741645194683|GET|/imgs/pwa/icon-192x192.png
1741645195964|GET|/api/recipes
1741645196228|GET|/service-worker.js
1741645197363|GET|/api/recipes
1741645200991|GET|/js/app.js
1741645201049|GET|/manifest.json
1741645201061|GET|/imgs/pwa/icon-192x192.png
1741645202401|GET|/api/recipes
1741645202604|GET|/service-worker.js
1741645214485|GET|/js/app.js
1741645214536|GET|/manifest.json
1741645214548|GET|/imgs/pwa/icon-192x192.png
1741645215359|GET|/api/recipes
1741645216122|GET|/service-worker.js
1741645224406|GET|/js/app.js
1741645224457|GET|/manifest.json
1741645224487|GET|/imgs/pwa/icon-192x192.png
1741645225362|GET|/api/recipes
1741645226017|GET|/service-worker.js
1741645262886|GET|/js/app.js
1741645262954|GET|/manifest.json
1741645262964|GET|/imgs/pwa/icon-192x192.png
1741645263967|GET|/api/recipes
1741645264495|GET|/service-worker.js
1741736783146|GET|/service-worker.js
1741775407153|GET|/js/app.js
1741775407186|GET|/manifest.json
1741775407195|GET|/imgs/pwa/icon-192x192.png
1741775408507|GET|/api/recipes
1741775408712|GET|/service-worker.js
1741775433534|GET|/api/recipes
1741775798456|GET|/api/recipes
1741775799727|GET|/js/app.js
1741775799746|GET|/manifest.json
1741775799755|GET|/imgs/pwa/icon-192x192.png
1741775800708|GET|/api/recipes
1741775801286|GET|/service-worker.js
1741775836850|GET|/api/recipes
1741776002111|GET|/js/app.js
1741776002135|GET|/manifest.json
1741776002143|GET|/imgs/pwa/icon-192x192.png
1741776003446|GET|/api/recipes
1741776003670|GET|/service-worker.js
1741776004470|GET|/api/recipes
1741776006782|GET|/js/app.js
1741776006804|GET|/manifest.json
1741776006811|GET|/imgs/pwa/icon-192x192.png
1741776007862|GET|/api/recipes
1741776008334|GET|/service-worker.js
1741776019626|GET|/
1741776019652|GET|/css/styles.css
1741776019653|GET|/js/app.js
1741776019679|GET|/favicon.ico
1741776019680|GET|/manifest.json
1741776019698|GET|/imgs/pwa/icon-192x192.png
1741776020999|GET|/api/recipes
1741776021785|GET|/api/recipes
1741776022102|GET|/api/recipes
1741776032462|GET|/api/recipes
1741776387744|GET|/js/app.js
1741776387781|GET|/favicon.ico
1741776387783|GET|/manifest.json
1741776387797|GET|/imgs/pwa/icon-192x192.png
1741776389312|GET|/service-worker.js
1741776391807|GET|/api/recipes
1741776469582|GET|/imgs/pwa/icon-192x192.png
1741776469604|GET|/imgs/pwa/icon-512x512.png
1741776516190|GET|/
1741776516215|GET|/css/styles.css
1741776516216|GET|/js/app.js
1741776516218|GET|/manifest.json
1741776516252|GET|/imgs/pwa/icon-192x192.png
1741776516277|GET|/service-worker.js
1741776516294|GET|/js/service-worker.js
1741776516307|GET|/
1741776516328|GET|/css/styles.css
1741776516340|GET|/html/oppskriftsapp.html
1741776516349|GET|/js/app.js
1741776516356|GET|/
1741776516358|GET|/html/oppskriftsapp.html
1741776516359|GET|/css/styles.css
1741776516370|GET|/js/app.js
1741776517950|GET|/api/recipes
1741776611329|GET|/js/app.js
1741776611338|GET|/manifest.json
1741776611356|GET|/imgs/pwa/icon-192x192.png
1741776612844|GET|/api/recipes
1741776612887|GET|/service-worker.js
1741776741921|POST|/api/recipes
1741776783586|GET|/js/app.js
1741776783594|GET|/manifest.json
1741776783618|GET|/imgs/pwa/icon-192x192.png
1741776784593|GET|/api/recipes
1741776785160|GET|/service-worker.js
1741776841691|GET|/
1741776841721|GET|/css/styles.css
1741776841728|GET|/js/app.js
1741776841732|GET|/manifest.json
1741776841759|GET|/imgs/pwa/icon-192x192.png
1741776841761|GET|/favicon.ico
1741776843823|GET|/api/recipes
1741776957713|GET|/api/recipes
1741776996992|GET|/js/app.js
1741776997021|GET|/manifest.json
1741776997035|GET|/imgs/pwa/icon-192x192.png
1741776998102|GET|/api/recipes
1741776998568|GET|/service-worker.js
1741777309282|GET|/js/app.js
1741777310632|GET|/manifest.json
1741777310657|GET|/imgs/pwa/icon-192x192.png
1741777310928|GET|/service-worker.js
1741777312286|GET|/api/recipes
1741777353282|GET|/js/app.js
1741777353383|GET|/manifest.json
1741777353428|GET|/imgs/pwa/icon-192x192.png
1741777354901|GET|/service-worker.js
1741777357950|GET|/api/recipes
1741777423623|GET|/js/app.js
1741777423705|GET|/manifest.json
1741777423728|GET|/imgs/pwa/icon-192x192.png
1741777425238|GET|/service-worker.js
1741777427372|GET|/api/recipes
1741777542121|GET|/js/app.js
1741777542206|GET|/manifest.json
1741777542224|GET|/imgs/pwa/icon-192x192.png
1741777543374|GET|/api/recipes
1741777543730|GET|/service-worker.js
1741781552244|GET|/js/app.js
1741781552746|GET|/manifest.json
1741781552767|GET|/imgs/pwa/icon-192x192.png
1741781553914|GET|/service-worker.js
1741781554158|GET|/api/recipes
1741781557484|GET|/manifest.json
1741781561988|GET|/js/app.js
1741781562028|GET|/manifest.json
1741781562046|GET|/imgs/pwa/icon-192x192.png
1741781563341|GET|/api/recipes
1741781563579|GET|/service-worker.js
1741781566622|GET|/
1741781566676|GET|/css/styles.css
1741781566677|GET|/js/app.js
1741781566743|GET|/favicon.ico
1741781566747|GET|/manifest.json
1741781566773|GET|/imgs/pwa/icon-192x192.png
1741781568108|GET|/api/recipes
1741781611099|GET|/js/app.js
1741781611142|GET|/manifest.json
1741781611166|GET|/imgs/pwa/icon-192x192.png
1741781612691|GET|/service-worker.js
1741781613027|GET|/api/recipes
1741782137108|GET|/api/recipes
1741782897908|GET|/js/app.js
1741782897928|GET|/manifest.json
1741782897929|GET|/favicon.ico
1741782897942|GET|/imgs/pwa/icon-192x192.png
1741782899239|GET|/api/recipes
1741782899456|GET|/service-worker.js
1741782902293|GET|/manifest.json
1741782905845|GET|/js/app.js
1741782905867|GET|/manifest.json
1741782905877|GET|/imgs/pwa/icon-192x192.png
1741782907403|GET|/service-worker.js
1741782908035|GET|/api/recipes
1741788652964|GET|/js/app.js
1741788653002|GET|/manifest.json
1741788653016|GET|/imgs/pwa/icon-192x192.png
1741788654551|GET|/service-worker.js
1741788654796|GET|/api/recipes
1741788769096|GET|/js/app.js
1741788769126|GET|/manifest.json
1741788769134|GET|/imgs/pwa/icon-192x192.png
1741788770674|GET|/service-worker.js
1741788770778|GET|/api/recipes
1741788892982|GET|/js/app.js
1741788893017|GET|/manifest.json
1741788893026|GET|/imgs/pwa/icon-192x192.png
1741788894542|GET|/service-worker.js
1741788894543|GET|/api/recipes
1741788999860|GET|/js/app.js
1741788999894|GET|/manifest.json
1741788999903|GET|/imgs/pwa/icon-192x192.png
1741789001054|GET|/api/recipes
1741789001432|GET|/service-worker.js
1741789313144|GET|/js/app.js
1741789313176|GET|/manifest.json
1741789313195|GET|/imgs/pwa/icon-192x192.png
1741789314467|GET|/api/recipes
1741789314727|GET|/service-worker.js
1741789355116|GET|/js/app.js
1741789355137|GET|/manifest.json
1741789355145|GET|/imgs/pwa/icon-192x192.png
1741789356167|GET|/api/recipes
1741789356668|GET|/service-worker.js
1741796740939|POST|/api/recipes
1741796745805|GET|/js/app.js
1741796745838|GET|/manifest.json
1741796745845|GET|/imgs/pwa/icon-192x192.png
1741796746588|GET|/api/recipes
1741796747374|GET|/service-worker.js
1741796899899|DELETE|/api/recipes/8
1741797059874|GET|/js/app.js
1741797059909|GET|/manifest.json
1741797059920|GET|/imgs/pwa/icon-192x192.png
1741797060822|GET|/api/recipes
1741797061447|GET|/service-worker.js
1741797071135|DELETE|/api/recipes/7
1741797075337|GET|/js/app.js
1741797075363|GET|/manifest.json
1741797075388|GET|/imgs/pwa/icon-192x192.png
1741797076584|GET|/api/recipes
1741797076896|GET|/service-worker.js
1741800212535|GET|/js/app.js
1741800213398|GET|/manifest.json
1741800213413|GET|/imgs/pwa/icon-192x192.png
1741800214406|GET|/service-worker.js
1741800215448|GET|/api/recipes
1741800217530|GET|/manifest.json
1741800223485|GET|/js/app.js
1741800223507|GET|/manifest.json
1741800223512|GET|/imgs/pwa/icon-192x192.png
1741800225037|GET|/service-worker.js
1741800225572|GET|/api/recipes
1741800821100|GET|/js/app.js
1741800821124|GET|/favicon.ico
1741800821126|GET|/manifest.json
1741800821147|GET|/imgs/pwa/icon-192x192.png
1741800822662|GET|/service-worker.js
1741800822772|GET|/api/recipes
1741801012812|GET|/js/app.js
1741801012841|GET|/manifest.json
1741801012848|GET|/imgs/pwa/icon-192x192.png
1741801014377|GET|/service-worker.js
1741801014508|GET|/
1741801014525|GET|/css/styles.css
1741801014526|GET|/js/app.js
1741801014575|GET|/favicon.ico
1741801014576|GET|/manifest.json
1741801014585|GET|/imgs/pwa/icon-192x192.png
1741801017423|GET|/js/app.js
1741801017441|GET|/manifest.json
1741801017449|GET|/imgs/pwa/icon-192x192.png
1741801018979|GET|/
1741801018981|GET|/service-worker.js
1741801018994|GET|/css/styles.css
1741801018995|GET|/js/app.js
1741801019024|GET|/manifest.json
1741801019028|GET|/favicon.ico
1741801019033|GET|/imgs/pwa/icon-192x192.png
1741801025426|GET|/imgs/pwa/icon-192x192.png
1741801025434|GET|/imgs/pwa/icon-512x512.png
1741801036217|GET|/
1741801036233|GET|/css/styles.css
1741801036236|GET|/js/app.js
1741801036258|GET|/service-worker.js
1741801036268|GET|/manifest.json
1741801036273|GET|/js/service-worker.js
1741801036277|GET|/imgs/pwa/icon-192x192.png
1741801036289|GET|/
1741801036289|GET|/css/styles.css
1741801036291|GET|/html/oppskriftsapp.html
1741801036295|GET|/css/styles.css
1741801036298|GET|/
1741801036300|GET|/js/app.js
1741801036305|GET|/html/oppskriftsapp.html
1741801036313|GET|/js/app.js
1741801041457|GET|/js/app.js
1741801041467|GET|/manifest.json
1741801041482|GET|/imgs/pwa/icon-192x192.png
1741801043012|GET|/service-worker.js
1741801206712|GET|/manifest.json
1741801206732|GET|/js/app.js
1741801206737|GET|/manifest.json
1741801206750|GET|/imgs/pwa/icon-192x192.png
1741801208296|GET|/service-worker.js
1741801208928|GET|/api/recipes
1741801296144|GET|/js/app.js
1741801296149|GET|/manifest.json
1741801296171|GET|/imgs/pwa/icon-192x192.png
1741801297741|GET|/service-worker.js
1741801298740|GET|/
1741801298756|GET|/css/styles.css
1741801298757|GET|/js/app.js
1741801298759|GET|/manifest.json
1741801298791|GET|/favicon.ico
1741801298793|GET|/imgs/pwa/icon-192x192.png
1741801630918|GET|/js/app.js
1741801630932|GET|/manifest.json
1741801630955|GET|/imgs/pwa/icon-192x192.png
1741801632492|GET|/service-worker.js
1741801661702|GET|/js/app.js
1741801661715|GET|/manifest.json
1741801661736|GET|/imgs/pwa/icon-192x192.png
1741801663269|GET|/service-worker.js
1741801689281|GET|/js/app.js
1741801689289|GET|/manifest.json
1741801689313|GET|/imgs/pwa/icon-192x192.png
1741801690567|GET|/
1741801690587|GET|/css/styles.css
1741801690588|GET|/js/app.js
1741801690591|GET|/manifest.json
1741801690619|GET|/imgs/pwa/icon-192x192.png
1741801690628|GET|/favicon.ico
1741801691112|GET|/service-worker.js
1741801715360|POST|/api/recipes
1741801726860|GET|/api/recipes
1741803019375|GET|/js/app.js
1741803019378|GET|/manifest.json
1741803019404|GET|/imgs/pwa/icon-192x192.png
1741803020950|GET|/service-worker.js
1741803021717|GET|/api/recipes
1741803616638|GET|/js/app.js
1741803616643|GET|/manifest.json
1741803616674|GET|/imgs/pwa/icon-192x192.png
1741803616676|GET|/favicon.ico
1741803618172|GET|/api/recipes
1741803618208|GET|/service-worker.js
